kernel	impl	output
ack	rust-interp	2045
ack	rust-default	2045
ack	rust-jit	2045
ack	sbcl	2045
ack	asm	2045
ack	asm-scaled	16381
ack	rust-jit-scaled	16381
closures	rust-interp	2006100000
closures	rust-default	2006100000
closures	rust-jit	N/A
closures	sbcl	2006100000
closures	asm	2006100000
fib	rust-interp	2178309
fib	rust-default	2178309
fib	rust-jit	2178309
fib	sbcl	2178309
fib	asm	2178309
fib	asm-scaled	39088169
fib	rust-jit-scaled	39088169
lists	rust-interp	3000000
lists	rust-default	3000000
lists	rust-jit	N/A
lists	sbcl	3000000
lists	asm	3000000
mandel	rust-interp	22358
mandel	rust-default	22358
mandel	rust-jit	22358
mandel	sbcl	22358
mandel	asm	22358
mandel	asm-scaled	158550
mandel	rust-jit-scaled	158550
msort	rust-interp	83061511
msort	rust-default	83061511
msort	rust-jit	N/A
msort	sbcl	83061511
msort	asm	83061511
prefix	rust-interp	17999990
prefix	rust-default	17999990
prefix	rust-jit	17999990
prefix	sbcl	17999990
prefix	asm	17999990
prefix	asm-scaled	179999992
prefix	rust-jit-scaled	179999992
sieve	rust-interp	235494
sieve	rust-default	235494
sieve	rust-jit	235494
sieve	sbcl	235494
sieve	asm	235494
sieve	asm-scaled	2354940
sieve	rust-jit-scaled	2354940
strings	rust-interp	600000
strings	rust-default	600000
strings	rust-jit	N/A
strings	sbcl	600000
strings	asm	600000
tailsum	rust-interp	50000005000000
tailsum	rust-default	50000005000000
tailsum	rust-jit	50000005000000
tailsum	sbcl	50000005000000
tailsum	asm	50000005000000
tailsum	asm-scaled	45000000150000000
tailsum	rust-jit-scaled	45000000150000000
whileloop	rust-interp	9999999
whileloop	rust-default	9999999
whileloop	rust-jit	9999999
whileloop	sbcl	9999999
whileloop	asm	9999999
whileloop	asm-scaled	399999999
whileloop	rust-jit-scaled	399999999
