name	tier	uses	files
sort	A	7	4
array-add!	A	2	2
array-div!	A	1	1
array-mul!	A	1	1
array-sub!	A	1	1
string->list*	A	1	1
string->utf8*	A	1	1
string-join*	A	1	1
string-split*	A	1	1
utf8->string*	A	1	1
utf8->string-lossy*	A	1	1
spawn-thread	H-conc	2	1
channel-recv	H-conc	1	1
read-file	H-io	9	6
directory-p	H-io	4	2
file-exists-p	H-io	4	3
monotonic-micros	H-io	4	2
shell	H-io	4	3
write-file	H-io	4	3
delete-file	H-io	3	2
file-p	H-io	3	2
file-readable-p	H-io	3	2
make-temp-directory	H-io	3	2
make-temp-file	H-io	3	2
port-p*	H-io	3	3
read-file-section	H-io	3	2
rename-file	H-io	3	2
chmod	H-io	2	2
create-directory	H-io	2	2
directory-files	H-io	2	2
file-executable-p	H-io	2	2
file-size	H-io	2	2
file-writable-p	H-io	2	2
os-linux-stat*	H-io	2	1
read-file-byte	H-io	2	2
read-file-section-lossy	H-io	2	2
file-newer-p	H-io	1	1
load-file	H-io	1	1
os-args*	H-io	1	1
os-chdir*	H-io	1	1
os-cwd*	H-io	1	1
os-env-get*	H-io	1	1
os-env-list*	H-io	1	1
os-env-set*	H-io	1	1
os-env-unset*	H-io	1	1
os-executable-path*	H-io	1	1
os-hostname*	H-io	1	1
os-linux-readlink*	H-io	1	1
os-monotonic-nanos*	H-io	1	1
os-now*	H-io	1	1
os-pid*	H-io	1	1
os-ppid*	H-io	1	1
os-prng-step*	H-io	1	1
os-process-id*	H-io	1	1
os-process-kill*	H-io	1	1
os-process-open-p*	H-io	1	1
os-process-p*	H-io	1	1
os-process-terminate*	H-io	1	1
os-process-try-wait*	H-io	1	1
os-process-wait*	H-io	1	1
os-random-bytes*	H-io	1	1
os-signal*	H-io	1	1
os-sleep*	H-io	1	1
os-spawn*	H-io	1	1
port-close*	H-io	1	1
port-flush*	H-io	1	1
port-input-p*	H-io	1	1
port-kind*	H-io	1	1
port-name*	H-io	1	1
port-open-append-file*	H-io	1	1
port-open-input-bytes*	H-io	1	1
port-open-input-file*	H-io	1	1
port-open-output-bytes*	H-io	1	1
port-open-output-file*	H-io	1	1
port-open-p*	H-io	1	1
port-output-contents*	H-io	1	1
port-output-p*	H-io	1	1
port-position*	H-io	1	1
port-read-byte*	H-io	1	1
port-read-bytes*	H-io	1	1
port-seek*	H-io	1	1
port-seekable-p*	H-io	1	1
port-stderr*	H-io	1	1
port-stdin*	H-io	1	1
port-stdout*	H-io	1	1
port-write-byte*	H-io	1	1
port-write-bytes*	H-io	1	1
random	H-io	1	1
read-all-positioned	H-io	1	1
read-file-section-bytes	H-io	1	1
net-handle-close*	H-net	2	2
net-handle-kind*	H-net	2	2
net-handle-open-p*	H-net	2	2
net-handle-p*	H-net	2	2
net-local-addr*	H-net	1	1
net-peer-addr*	H-net	1	1
net-resolve*	H-net	1	1
tcp-accept*	H-net	1	1
tcp-connect*	H-net	1	1
tcp-listen*	H-net	1	1
tcp-set-read-timeout*	H-net	1	1
tcp-set-write-timeout*	H-net	1	1
tcp-shutdown*	H-net	1	1
tls-alpn-protocol*	H-net	1	1
tls-available-p*	H-net	1	1
tls-peer-certificate-summary*	H-net	1	1
tls-peer-certificates*	H-net	1	1
tls-sni-hostname*	H-net	1	1
tls-wrap-client*	H-net	1	1
tls-wrap-client-insecure*	H-net	1	1
tls-wrap-server*	H-net	1	1
udp-bind*	H-net	1	1
udp-connect*	H-net	1	1
udp-receive-from*	H-net	1	1
udp-send*	H-net	1	1
udp-send-to*	H-net	1	1
udp-set-timeout*	H-net	1	1
regex-find*	H-regex	2	1
regex-split*	H-regex	2	1
regex-captures*	H-regex	1	1
regex-captures-named*	H-regex	1	1
regex-compile*	H-regex	1	1
regex-escape*	H-regex	1	1
regex-find-all*	H-regex	1	1
regex-is-match*	H-regex	1	1
regex-p*	H-regex	1	1
regex-pattern*	H-regex	1	1
regex-replace*	H-regex	1	1
regex-replace-all*	H-regex	1	1
cons	K	3381	38
car	K	857	44
cdr	K	636	43
eq	K	445	34
error	K	350	26
concat	K	267	26
princ-to-string	K	202	21
=	K	193	16
+	K	180	23
princ	K	136	6
terpri	K	113	5
eval	K	98	17
-	K	84	23
substring	K	71	11
gethash	K	63	13
string-length*	K	62	9
<	K	61	18
funcall	K	59	17
prin1-to-string	K	53	14
symbolp	K	51	13
store	K	48	6
sethash	K	44	9
*	K	38	9
>	K	37	14
array	K	37	7
fetch	K	35	7
getp	K	34	9
putp	K	34	9
make-hash-table	K	31	13
atom	K	29	7
/	K	28	11
mod	K	26	8
apply	K	24	13
code-char	K	24	7
array-length*	K	23	5
boundp	K	23	8
gensym	K	20	5
stringp	K	20	11
numberp	K	19	10
error-message	K	18	7
keys	K	18	9
floatp	K	14	8
intern	K	13	9
record-brand	K	13	6
arrayp	K	11	7
charp	K	10	6
print	K	10	3
string->number	K	10	5
char-code	K	9	3
errorset	K	9	5
logand	K	9	3
make-char	K	9	6
aset	K	8	1
ash	K	8	2
fixp	K	8	5
floor	K	8	3
prin1	K	8	3
make-array	K	7	3
make-error	K	7	1
remainder	K	7	3
remprop	K	7	4
aref	K	6	1
error-p	K	6	3
feature-enabled-p	K	6	2
hash-table-p	K	6	5
kernel-fuel-remaining	K	6	2
set-flag	K	6	1
typed-array	K	6	2
error-data	K	5	2
number->string	K	5	2
remhash	K	5	4
round	K	5	3
set	K	5	4
sqrt	K	5	3
typed-array-p	K	5	3
flag-set-p	K	4	1
logxor	K	4	2
macrop	K	4	3
record-new	K	4	2
sin	K	4	1
the-environment	K	4	1
ceiling	K	3	1
clear-flag	K	3	1
exp	K	3	1
expt	K	3	2
functionp	K	3	2
log	K	3	1
macroexpand	K	3	3
read	K	3	3
record-fields	K	3	2
record-ref	K	3	2
cos	K	2	1
extension-p	K	2	2
features	K	2	1
kernel-fuel-set!	K	2	1
make-environment	K	2	1
read-string	K	2	2
truncate	K	2	1
capability-mask-allows-p	K	1	1
extension-type	K	1	1
hash-code	K	1	1
lognot	K	1	1
record-compiled-p	K	1	1
tan	K	1	1
list	L	961	36
mapcar	L	215	31
not	L	210	24
assoc	L	110	20
append	L	65	21
nth	L	20	6
set-bang	L	11	6
zerop	L	6	4
nthcdr	L	5	2
implode	L	4	1
isqrt	L	4	1
last	L	4	2
plusp	L	4	1
rplacd	L	4	2
subst	L	4	2
evenp	L	3	1
explode	L	3	2
gcd	L	3	1
index	L	3	1
lcm	L	3	1
leftshift	L	3	1
oddp	L	3	1
rplaca	L	3	1
signum	L	3	1
add1	L	2	1
efface	L	2	1
equal-number	L	2	1
float-equal	L	2	1
float-greaterp	L	2	1
float-lessp	L	2	1
get	L	2	2
greaterp	L	2	1
lessp	L	2	1
maplist	L	2	1
plist	L	2	2
rot	L	2	1
sub1	L	2	1
array-fetch*	L	1	1
array-store*	L	1	1
deflist	L	1	1
delete	L	1	1
difference	L	1	1
evcon	L	1	1
evlis	L	1	1
maknam	L	1	1
plus	L	1	1
put	L	1	1
quotient	L	1	1
sexpr-rename	L	1	1
spaces	L	1	1
sublis	L	1	1
times	L	1	1
see-source	R	7	4
describe	R	5	1
optimize	R	5	3
see-type	R	4	2
signature	R	3	1
compiled-p	R	2	1
disassemble	R	1	1
why-not-typed	R	1	1
string-casefold*	U	4	1
char-alphabetic-p*	U	2	1
string-downcase*	U	2	1
string-upcase*	U	2	1
char-lowercase-p*	U	1	1
char-numeric-p*	U	1	1
char-uppercase-p*	U	1	1
